,symbol,date,value
0,A,20170720,2084.6711972735684
1,A,20170721,2417.53132782744
2,A,20170724,3233.9538250478004
3,A,20170725,1462.6871767608004
4,A,20170726,1433.450961752969
5,A,20170727,1021.4460973969119
6,A,20170728,2630.6364698161965
7,A,20170731,3118.7276992288953
8,A,20170801,1009.3634193142091
9,A,20170802,1554.0548159578623
10,A,20170803,2806.2626292731575
11,A,20170804,1916.5823971667053
12,A,20170807,1276.2667462853055
13,A,20170808,1338.2575848955773
14,A,20170809,1371.805346894071
15,A,20170810,2449.5646452605342
16,A,20170811,1886.8060437681586
17,A,20170814,1315.4278502749064
18,A,20170815,1737.8866613110165
19,A,20170816,3176.7691398775205
20,A,20170817,1301.7849408940458
21,A,20170818,1409.41439445869
22,A,20170821,1210.0346575524627
23,A,20170822,1310.3981265108644
24,A,20170823,1052.6856802801403
25,A,20170824,1568.8934233444256
26,A,20170825,4540.479058847568
27,A,20170828,1536.0959237361922
28,A,20170829,2294.91944657474
29,A,20170830,2955.2437696479005
30,A,20170831,2275.1678438344024
31,A,20170901,815.2667780689317
32,A,20170905,1338.599564353935
33,A,20170906,14066.955590612462
34,A,20170907,1241.5707561302027
35,A,20170908,3399.300428274606
36,A,20170911,2040.0702921880145
37,A,20170912,2045.7847230727116
38,A,20170913,2447.7723578346954
39,A,20170914,3384.4990595346526
40,A,20170915,1521.1891882911455
41,A,20170918,10457.74267968543
42,A,20170919,1853.3681474494483
43,A,20170920,3744.239461904209
44,A,20170921,4482.341521077873
45,A,20170922,4391.344846648856
46,A,20170925,2706.1971867332513
47,A,20170926,1638.808287308876
48,A,20170927,1146.8584910845657
49,A,20170928,3120.290668447168
50,A,20170929,2514.9576136273386
51,A,20171002,1719.4473084369533
52,A,20171003,1494.770507466311
53,A,20171004,2543.4531056986607
54,A,20171005,1790.9209256255313
55,A,20171006,1257.7385784349297
56,A,20171009,722.4137912583992
57,A,20171010,3068.362780942002
58,A,20171011,1467.8108901776852
59,A,20171012,1007.0583319538842
60,A,20171013,3002.8550662457656
61,A,20171016,1744.798410829645
62,A,20171017,2610.818284998915
63,A,20171018,2292.578958115261
64,A,20171019,3167.1112480155653
65,A,20171020,2501.8187894874054
66,A,20171023,3193.7068110515215
67,A,20171024,2991.427388871356
68,A,20171025,1085.6548305251933
69,A,20171026,1722.6654079368877
70,A,20171027,3021.0153321803136
71,A,20171030,6043.625127207008
72,A,20171031,1698.0201804128412
73,A,20171101,1438.3716633228287
74,A,20171102,985.5306382867683
75,A,20171103,2342.094284911747
76,A,20171106,2959.5134861858123
77,A,20171107,2387.7189615411007
78,A,20171108,2018.1055565029967
79,A,20171109,646.376188229932
80,A,20171110,2033.3066177544376
81,A,20171113,1225.8585498498749
82,A,20171114,1115.9054447178407
83,A,20171115,3975.7703555336707
84,A,20171116,1058.5324234888928
85,A,20171117,2742.5778205242627
86,A,20171120,2600.335813694565
87,A,20171121,2139.922676738921
88,A,20171122,2659.3090548508585
89,A,20171127,1391.4924617473127
90,A,20171128,1903.4946301261284
91,A,20171129,2294.488317936709
92,A,20171130,1131.0296467337062
93,A,20171201,1198.4741208597975
94,A,20171204,3329.0103704278777
95,A,20171205,993.7037693942782
96,A,20171206,4807.620949366311
97,A,20171207,1300.035990262163
98,A,20171208,1110.1348962835195
99,A,20171211,2073.153531565652
100,A,20171212,2610.5567024199113
101,A,20171213,3040.0442600057836
102,A,20171214,1756.1223923732714
103,A,20171215,1464.433151231966
104,A,20171218,1199.1603149528648
105,A,20171219,1228.0666614826482
106,A,20171220,2142.06364321875
107,A,20171221,1850.9806644377745
108,A,20171222,1780.038937670316
109,A,20171226,2449.1530963318137
110,A,20171227,1599.2828430986096
111,A,20171228,12861.05805626587
112,AAL,20170720,3823.7571137194996
113,AAL,20170721,787.3349029259027
114,AAL,20170724,1252.99492766523
115,AAL,20170725,3135.2618036775657
116,AAL,20170726,2962.4177294852852
117,AAL,20170727,1905.8521952237402
118,AAL,20170728,2739.715724060656
119,AAL,20170731,2513.2211715650183
120,AAL,20170801,3398.337780263182
121,AAL,20170802,22668.31413640675
122,AAL,20170803,3414.297760976673
123,AAL,20170804,2414.9360351130445
124,AAL,20170807,1409.8834593716238
125,AAL,20170808,2018.3203823748784
126,AAL,20170809,3693.149263654778
127,AAL,20170810,1177.7730903986446
128,AAL,20170811,1010.6641919474357
129,AAL,20170814,3909.501186305061
130,AAL,20170815,1325.33908840297
131,AAL,20170816,2057.167051211694
132,AAL,20170817,3684.9603303306453
133,AAL,20170818,2598.687511903151
134,AAL,20170821,2964.064670409643
135,AAL,20170822,779.5706209958854
136,AAL,20170823,2766.6676878223666
137,AAL,20170824,5161.716349516616
138,AAL,20170825,2432.40951913595
139,AAL,20170828,5956.299547634689
140,AAL,20170829,1327.384044171276
141,AAL,20170830,2796.263254224636
142,AAL,20170831,1666.120123554872
143,AAL,20170901,2673.2360882711655
144,AAL,20170905,1655.3729614671424
145,AAL,20170906,3009.6241347184614
146,AAL,20170907,1853.4601853148934
147,AAL,20170908,1042.2782538818997
148,AAL,20170911,2054.0226660704666
149,AAL,20170912,2178.456641059166
150,AAL,20170913,2034.66697069044
151,AAL,20170914,1420.8182871898766
152,AAL,20170915,1332.384991771949
153,AAL,20170918,3298.386573998544
154,AAL,20170919,4183.001568759005
155,AAL,20170920,2211.7263387536987
156,AAL,20170921,1745.6318336292945
157,AAL,20170922,1079.1455214771336
158,AAL,20170925,4130.197210209314
159,AAL,20170926,856.4636270131922
160,AAL,20170927,2025.3291252208412
161,AAL,20170928,2590.1381691155843
162,AAL,20170929,1142.7961282842816
163,AAL,20171002,975.9776453850349
164,AAL,20171003,1054.7588848908877
165,AAL,20171004,2105.3412426401305
166,AAL,20171005,1111.8844102160729
167,AAL,20171006,1857.2369478044832
168,AAL,20171009,2918.0808469770614
169,AAL,20171010,1627.2919547951349
170,AAL,20171011,3273.657163318052
171,AAL,20171012,2451.4286401233653
172,AAL,20171013,1132.694090209635
173,AAL,20171016,1630.0812458743442
174,AAL,20171017,2388.4734092767767
175,AAL,20171018,1304.3570225701008
176,AAL,20171019,2396.106491794678
177,AAL,20171020,2044.0438345249497
178,AAL,20171023,1340.9356281353967
179,AAL,20171024,8413.106298455912
180,AAL,20171025,1665.2371940828916
181,AAL,20171026,5963.8905135819305
182,AAL,20171027,1758.7357693543202
183,AAL,20171030,2114.411559860418
184,AAL,20171031,2045.423335026308
185,AAL,20171101,2209.199264356569
186,AAL,20171102,2280.6620652979173
187,AAL,20171103,1647.691658107503
188,AAL,20171106,3803.4092920743233
189,AAL,20171107,4709.385392266618
190,AAL,20171108,8210.106135346789
191,AAL,20171109,1074.2446752872575
192,AAL,20171110,2257.7833422051963
193,AAL,20171113,1055.3354494984872
194,AAL,20171114,3620.9456717626335
195,AAL,20171115,3388.9302986370208
196,AAL,20171116,1755.7272476234396
197,AAL,20171117,3809.9137300802026
198,AAL,20171120,2385.353878236954
199,AAL,20171121,9867.882129846494
200,AAL,20171122,1347.2980743995784
201,AAL,20171127,3260.6115048531933
202,AAL,20171128,5391.963698061558
203,AAL,20171129,5952.593547651124
204,AAL,20171130,792.3446795331583
205,AAL,20171201,1746.7734325886943
206,AAL,20171204,1924.9624457659588
207,AAL,20171205,3457.8837023857905
208,AAL,20171206,1809.8087157525404
209,AAL,20171207,775.4463272971407
210,AAL,20171208,906.334154578725
211,AAL,20171211,1667.2912490621825
212,AAL,20171212,8719.924230838502
213,AAL,20171213,2701.443976336829
214,AAL,20171214,1530.8896632551719
215,AAL,20171215,2651.949258613077
216,AAL,20171218,2541.086713524332
217,AAL,20171219,2149.9039912723865
218,AAL,20171220,2399.4706898373597
219,AAL,20171221,2028.65348912324
220,AAL,20171222,11331.309794807416
221,AAL,20171226,1745.134267686698
222,AAL,20171227,2357.6793009021817
223,AAL,20171228,2974.270655390767
224,AAP,20170720,2363.1045307711097
225,AAP,20170721,2308.2581553088044
226,AAP,20170724,1303.8345498381552
227,AAP,20170725,2446.884233110789
228,AAP,20170726,6285.506709814044
229,AAP,20170727,2857.905526881837
230,AAP,20170728,1825.5673422132272
231,AAP,20170731,929.5867535996177
232,AAP,20170801,2279.1742431538605
233,AAP,20170802,608.6705645471139
234,AAP,20170803,780.20996820497
235,AAP,20170804,1086.4023466658143
236,AAP,20170807,2727.9859770854964
237,AAP,20170808,1627.3539409527375
238,AAP,20170809,3703.7660865954645
239,AAP,20170810,2253.762552232841
240,AAP,20170811,1019.677519644119
241,AAP,20170814,9109.550962393423
242,AAP,20170815,11552.371747313537
243,AAP,20170816,2574.2711401550896
244,AAP,20170817,2210.1474264174963
245,AAP,20170818,1819.6857827175563
246,AAP,20170821,2314.254317333458
247,AAP,20170822,2332.655059177724
248,AAP,20170823,1770.7613452812461
249,AAP,20170824,2717.8250408101458
250,AAP,20170825,1249.3442696936952
251,AAP,20170828,3829.648496777224
252,AAP,20170829,2769.4424907126236
253,AAP,20170830,1104.0313405180002
254,AAP,20170831,878.9420126205216
255,AAP,20170901,1725.7406789970887
256,AAP,20170905,1287.7603211342773
257,AAP,20170906,661.858251251438
258,AAP,20170907,1339.4065702861872
259,AAP,20170908,2347.603067898784
260,AAP,20170911,1756.8515551114733
261,AAP,20170912,1927.8127177205158
262,AAP,20170913,1812.4045165293278
263,AAP,20170914,1214.3628826343477
264,AAP,20170915,2632.965336664456
265,AAP,20170918,1903.7588308314278
266,AAP,20170919,1322.7418970110753
267,AAP,20170920,3439.009176012828
268,AAP,20170921,1611.4941322781885
269,AAP,20170922,1319.6987546619555
270,AAP,20170925,2036.5262976979643
271,AAP,20170926,1141.5478794842777
272,AAP,20170927,1642.206696312182
273,AAP,20170928,7179.668108098508
274,AAP,20170929,1453.72116085788
275,AAP,20171002,1816.4920710644142
276,AAP,20171003,719.4501256421242
277,AAP,20171004,819.3653399388636
278,AAP,20171005,1077.073006004897
279,AAP,20171006,1544.5337564100091
280,AAP,20171009,1157.2341341132314
281,AAP,20171010,588.4527183042463
282,AAP,20171011,669.1451395749548
283,AAP,20171012,1169.529824869225
284,AAP,20171013,901.7904995122955
285,AAP,20171016,697.1865411641709
286,AAP,20171017,879.0677510394115
287,AAP,20171018,2695.118198946165
288,AAP,20171019,1846.8294291566876
289,AAP,20171020,857.2917279285783
290,AAP,20171023,2790.320695735099
291,AAP,20171024,3662.0525702888167
292,AAP,20171025,979.1649696574731
293,AAP,20171026,1793.3956283032917
294,AAP,20171027,3629.7112868807244
295,AAP,20171030,1081.998101294799
296,AAP,20171031,2518.3427014917365
297,AAP,20171101,2709.5902765908713
298,AAP,20171102,1004.9270271736451
299,AAP,20171103,1282.8083073817247
300,AAP,20171106,845.3266523760665
301,AAP,20171107,3375.9994681335615
302,AAP,20171108,2477.9667240038825
303,AAP,20171109,742.0500128035447
304,AAP,20171110,1443.2315092502909
305,AAP,20171113,2904.8053320276294
306,AAP,20171114,5434.758600533123
307,AAP,20171115,1248.6407621973697
308,AAP,20171116,1004.0536299287725
309,AAP,20171117,1093.2487214021921
310,AAP,20171120,902.1871734041347
311,AAP,20171121,2136.788282246936
312,AAP,20171122,4432.576500472304
313,AAP,20171127,2888.70810644688
314,AAP,20171128,4020.8276831757207
315,AAP,20171129,1788.208111510184
316,AAP,20171130,1240.1427302395289
317,AAP,20171201,1005.8842320397689
318,AAP,20171204,1036.1307250667244
319,AAP,20171205,746.24035419151
320,AAP,20171206,8059.207424870883
321,AAP,20171207,1871.2413403889839
322,AAP,20171208,3093.7115250426727
323,AAP,20171211,847.582873903951
324,AAP,20171212,1061.519895117141
325,AAP,20171213,1584.769644421311
326,AAP,20171214,3322.6641123641753
327,AAP,20171215,4102.994766958586
328,AAP,20171218,2411.2296230804286
329,AAP,20171219,2659.969916049146
330,AAP,20171220,1194.4875007348223
331,AAP,20171221,748.4811861978544
332,AAP,20171222,8059.118938237161
333,AAP,20171226,2335.21070973907
334,AAP,20171227,3048.3188528814258
335,AAP,20171228,3633.468099943299
336,AAPL,20170720,2628.0419415655947
337,AAPL,20170721,1144.4428037250616
338,AAPL,20170724,3330.0817870642086
339,AAPL,20170725,2725.590320979642
340,AAPL,20170726,1809.478936402816
341,AAPL,20170727,5816.404103094442
342,AAPL,20170728,1737.154374003397
343,AAPL,20170731,3140.3321956664945
344,AAPL,20170801,2868.938126772641
345,AAPL,20170802,8581.758363105173
346,AAPL,20170803,3014.155825572545
347,AAPL,20170804,2048.3826875124246
348,AAPL,20170807,2639.649351653412
349,AAPL,20170808,2712.4249421905647
350,AAPL,20170809,2483.7835264815085
351,AAPL,20170810,1521.348301863978
352,AAPL,20170811,721.5759707086261
353,AAPL,20170814,1937.7556862000297
354,AAPL,20170815,2435.1436737599583
355,AAPL,20170816,1529.1654279358793
356,AAPL,20170817,1488.4928258033915
357,AAPL,20170818,934.194247987779
358,AAPL,20170821,1216.598205225828
359,AAPL,20170822,1482.0200214659285
360,AAPL,20170823,1034.0113133849338
361,AAPL,20170824,1874.8146610750496
362,AAPL,20170825,2587.5276903439853
363,AAPL,20170828,1302.945515005047
364,AAPL,20170829,2975.6568997418967
365,AAPL,20170830,1166.2389958095641
366,AAPL,20170831,1666.1157544715247
367,AAPL,20170901,6208.936899589695
368,AAPL,20170905,6138.188780082418
369,AAPL,20170906,1069.8965215589649
370,AAPL,20170907,4231.501152753303
371,AAPL,20170908,3035.9114084061484
372,AAPL,20170911,1433.8022983137905
373,AAPL,20170912,9278.88032010788
374,AAPL,20170913,2823.883483572153
375,AAPL,20170914,1674.7684550651077
376,AAPL,20170915,2722.8601161994475
377,AAPL,20170918,5220.058880674389
378,AAPL,20170919,2507.2576143746514
379,AAPL,20170920,2429.528571238011
380,AAPL,20170921,1411.9578705252488
381,AAPL,20170922,1357.266414755373
382,AAPL,20170925,1609.2833493891526
383,AAPL,20170926,2166.170044720245
384,AAPL,20170927,1145.2294056666176
385,AAPL,20170928,1533.173511909229
386,AAPL,20170929,2198.4090087610443
387,AAPL,20171002,2225.545311181276
388,AAPL,20171003,2093.9868611087095
389,AAPL,20171004,1986.346189683672
390,AAPL,20171005,1376.0690373239356
391,AAPL,20171006,2187.338390394412
392,AAPL,20171009,1409.0555217708222
393,AAPL,20171010,922.489252469138
394,AAPL,20171011,1674.8742589497404
395,AAPL,20171012,2554.0426867483297
396,AAPL,20171013,20147.64070094977
397,AAPL,20171016,1604.0284338212768
398,AAPL,20171017,2081.7945869659297
399,AAPL,20171018,2455.658479276067
400,AAPL,20171019,1655.1089745090105
401,AAPL,20171020,3490.86022793244
402,AAPL,20171023,4122.759783930456
403,AAPL,20171024,1538.931037861131
404,AAPL,20171025,1651.3936807949165
405,AAPL,20171026,524.318253360557
406,AAPL,20171027,1617.7224903663932
407,AAPL,20171030,7815.967532857165
408,AAPL,20171031,4080.5051436661233
409,AAPL,20171101,2012.6829787127413
410,AAPL,20171102,1568.224445290678
411,AAPL,20171103,1808.0243292033317
412,AAPL,20171106,4865.593382219029
413,AAPL,20171107,1881.5260586953414
414,AAPL,20171108,2392.6299588229786
415,AAPL,20171109,3111.687496207043
416,AAPL,20171110,1210.8836804576422
417,AAPL,20171113,768.6637225907009
418,AAPL,20171114,2401.1979048756966
419,AAPL,20171115,1671.7242959962741
420,AAPL,20171116,2560.470811542362
421,AAPL,20171117,1445.771350067091
422,AAPL,20171120,950.0973973350332
423,AAPL,20171121,1104.7315270902707
424,AAPL,20171122,1336.632948432847
425,AAPL,20171127,1861.5675086949382
426,AAPL,20171128,2005.339315968775
427,AAPL,20171129,2842.9560608912693
428,AAPL,20171130,982.1339307379791
429,AAPL,20171201,1330.4320099199379
430,AAPL,20171204,1535.3534908391437
431,AAPL,20171205,1062.5000761099639
432,AAPL,20171206,1168.3539032628778
433,AAPL,20171207,2586.8563240379153
434,AAPL,20171208,1726.329903887433
435,AAPL,20171211,955.7565270822059
436,AAPL,20171212,1378.8554011535339
437,AAPL,20171213,8853.105080839534
438,AAPL,20171214,619.5925762005729
439,AAPL,20171215,1848.4184867019578
440,AAPL,20171218,2550.4872780860533
441,AAPL,20171219,1414.3902571253084
442,AAPL,20171220,751.5525512479888
443,AAPL,20171221,1035.7313980902024
444,AAPL,20171222,7332.50848388337
445,AAPL,20171226,5805.267913591366
446,AAPL,20171227,4167.589051895002
447,AAPL,20171228,2393.8152671657
448,ABBV,20170720,2483.257768693268
449,ABBV,20170721,3407.7733175559933
450,ABBV,20170724,3679.81288006961
451,ABBV,20170725,3563.173357880486
452,ABBV,20170726,1518.3593288546945
453,ABBV,20170727,1476.6322598140732
454,ABBV,20170728,1871.9881289173927
455,ABBV,20170731,3213.4530883232005
456,ABBV,20170801,1638.4481996074926
457,ABBV,20170802,1504.981186677604
458,ABBV,20170803,3163.3231191755654
459,ABBV,20170804,1157.9684017874865
460,ABBV,20170807,6254.789332390723
461,ABBV,20170808,1433.809010358411
462,ABBV,20170809,1156.5716423755816
463,ABBV,20170810,2219.155242985689
464,ABBV,20170811,1304.7883027383873
465,ABBV,20170814,3747.4867278212573
466,ABBV,20170815,3641.9941086347294
467,ABBV,20170816,1428.9396613363447
468,ABBV,20170817,1282.405484933752
469,ABBV,20170818,5750.9859380296275
470,ABBV,20170821,2502.0726870636386
471,ABBV,20170822,4088.8176619054184
472,ABBV,20170823,3939.5237899553313
473,ABBV,20170824,1392.8742975336938
474,ABBV,20170825,1437.1467440544066
475,ABBV,20170828,1091.0428462254736
476,ABBV,20170829,2633.9395532203653
477,ABBV,20170830,1327.7698390159153
478,ABBV,20170831,3227.8827933536545
479,ABBV,20170901,2414.881002161636
480,ABBV,20170905,1333.3342400766742
481,ABBV,20170906,3848.2433354699065
482,ABBV,20170907,2696.7589540833196
483,ABBV,20170908,1266.5303340355358
484,ABBV,20170911,1382.143275910152
485,ABBV,20170912,1085.7140062865747
486,ABBV,20170913,962.346361120206
487,ABBV,20170914,1444.1630107452472
488,ABBV,20170915,1239.9716035350218
489,ABBV,20170918,1463.7921281164004
490,ABBV,20170919,1737.180073412776
491,ABBV,20170920,1172.4330202253016
492,ABBV,20170921,4022.945565898372
493,ABBV,20170922,1769.8976315746513
494,ABBV,20170925,2272.625896326332
495,ABBV,20170926,2179.798713431038
496,ABBV,20170927,4156.845956368998
497,ABBV,20170928,781.7381732616918
498,ABBV,20170929,1000.4865851311793
499,ABBV,20171002,2486.3933517052374
500,ABBV,20171003,1279.6484632219483
501,ABBV,20171004,1634.5813140085097
502,ABBV,20171005,3639.246929417192
503,ABBV,20171006,1785.3487766609312
504,ABBV,20171009,1558.38728530087
505,ABBV,20171010,1521.220832760665
506,ABBV,20171011,1770.1162784148935
507,ABBV,20171012,1578.6806052653142
508,ABBV,20171013,3065.9430753219076
509,ABBV,20171016,1214.9201123369842
510,ABBV,20171017,1190.3251954471866
511,ABBV,20171018,3348.4496010485655
512,ABBV,20171019,1131.4620090032288
513,ABBV,20171020,797.8644322185374
514,ABBV,20171023,1600.0572368507421
515,ABBV,20171024,2726.1900783296087
516,ABBV,20171025,1787.1679256741106
517,ABBV,20171026,1750.5460997117798
518,ABBV,20171027,1485.8083768881008
519,ABBV,20171030,1135.5706765297
520,ABBV,20171031,3601.4788749203894
521,ABBV,20171101,1481.3228711307806
522,ABBV,20171102,1421.6493710355344
523,ABBV,20171103,3093.739142498166
524,ABBV,20171106,3420.3214655353395
525,ABBV,20171107,1350.4727005040602
526,ABBV,20171108,1908.6104254384638
527,ABBV,20171109,1191.1797573450654
528,ABBV,20171110,1188.8764727359626
529,ABBV,20171113,751.9155160400877
530,ABBV,20171114,1629.2082695978145
531,ABBV,20171115,932.490507213309
532,ABBV,20171116,1367.386353829891
533,ABBV,20171117,1192.234669914955
534,ABBV,20171120,1751.2099848616433
535,ABBV,20171121,1250.3940278079385
536,ABBV,20171122,859.450612008746
537,ABBV,20171127,1214.6933388869918
538,ABBV,20171128,2251.493713074832
539,ABBV,20171129,1654.3768814953373
540,ABBV,20171130,3378.3238180667295
541,ABBV,20171201,2076.5567343647303
542,ABBV,20171204,901.055091458504
543,ABBV,20171205,978.8771208636628
544,ABBV,20171206,1048.363755572465
545,ABBV,20171207,1747.7441957689177
546,ABBV,20171208,3309.121597359393
547,ABBV,20171211,1459.8601121316801
548,ABBV,20171212,1002.6761409323675
549,ABBV,20171213,763.5307099861942
550,ABBV,20171214,868.5492286857536
551,ABBV,20171215,2185.4577792700834
552,ABBV,20171218,594.910617056671
553,ABBV,20171219,948.7795195382521
554,ABBV,20171220,935.0037446452856
555,ABBV,20171221,2156.42486631494
556,ABBV,20171222,1288.4910401323193
557,ABBV,20171226,1443.7547185243825
558,ABBV,20171227,942.8654761334949
559,ABBV,20171228,1161.768564251594
560,ABC,20170720,4433.275762448139
561,ABC,20170721,1759.2319433140415
562,ABC,20170724,1339.108908919876
563,ABC,20170725,2504.600873251672
564,ABC,20170726,1993.4499441004589
565,ABC,20170727,1553.9947703286566
566,ABC,20170728,998.8189598492431
567,ABC,20170731,3535.908015619855
568,ABC,20170801,5402.221823142226
569,ABC,20170802,2345.4394085753784
570,ABC,20170803,3439.1861155276138
571,ABC,20170804,3696.719487821747
572,ABC,20170807,1672.6623803441205
573,ABC,20170808,983.9447640109528
574,ABC,20170809,4606.433265655448
575,ABC,20170810,1109.6457021113106
576,ABC,20170811,1283.7806041292906
577,ABC,20170814,1009.285629162221
578,ABC,20170815,4701.230606666514
579,ABC,20170816,1707.6987431373332
580,ABC,20170817,1120.9299304939123
581,ABC,20170818,960.7446082098177
582,ABC,20170821,1418.3327162799878
583,ABC,20170822,2633.469858981006
584,ABC,20170823,1724.8087696102448
585,ABC,20170824,2405.5812876783402
586,ABC,20170825,1166.8458335339144
587,ABC,20170828,1331.0926858192267
588,ABC,20170829,2537.740811902517
589,ABC,20170830,1819.9655703148887
590,ABC,20170831,2428.198907199996
591,ABC,20170901,2706.3504374395916
592,ABC,20170905,1329.52687352303
593,ABC,20170906,4543.360791114785
594,ABC,20170907,4195.598187861169
595,ABC,20170908,3583.89927515173
596,ABC,20170911,1887.733558360025
597,ABC,20170912,2028.5852658159156
598,ABC,20170913,874.9582852046805
599,ABC,20170914,1823.3618206420422
600,ABC,20170915,4735.285275848211
601,ABC,20170918,1886.8057024326881
602,ABC,20170919,1230.0288386774891
603,ABC,20170920,5172.758247916873
604,ABC,20170921,1666.002442853591
605,ABC,20170922,1261.8150893300792
606,ABC,20170925,3308.725216374543
607,ABC,20170926,829.2078327080669
608,ABC,20170927,3657.0077369998853
609,ABC,20170928,1391.280355343521
610,ABC,20170929,1438.8755123754881
611,ABC,20171002,2603.5606574260087
612,ABC,20171003,1199.709407812082
613,ABC,20171004,3019.8594917658584
614,ABC,20171005,1549.2755087045648
615,ABC,20171006,15717.865582123304
616,ABC,20171009,4438.896618239154
617,ABC,20171010,2295.5275792496013
618,ABC,20171011,2088.784901822166
619,ABC,20171012,1067.4892013463907
620,ABC,20171013,13809.828707965604
621,ABC,20171016,7127.860032717688
622,ABC,20171017,3418.6924178147074
623,ABC,20171018,1279.6548836433442
624,ABC,20171019,3421.4990831276127
625,ABC,20171020,1260.3677576992454
626,ABC,20171023,1224.9963777426824
627,ABC,20171024,7166.14759627282
628,ABC,20171025,4100.203997335281
629,ABC,20171026,53505.17925130249
630,ABC,20171027,3195.99932776671
631,ABC,20171030,1875.128352039777
632,ABC,20171031,1876.766781086294
633,ABC,20171101,1661.3599623995756
634,ABC,20171102,2063.3415324824227
635,ABC,20171103,4287.467975959926
636,ABC,20171106,7098.400896594028
637,ABC,20171107,5124.992345834419
638,ABC,20171108,8978.451857684318
639,ABC,20171109,1288.829930271454
640,ABC,20171110,896.5330929231893
641,ABC,20171113,28233.25463521333
642,ABC,20171114,2837.723120392118
643,ABC,20171115,1603.1993368442668
644,ABC,20171116,1253.1986345738778
645,ABC,20171117,1188.9073772331803
646,ABC,20171120,1256.0607964329256
647,ABC,20171121,1841.973996214932
648,ABC,20171122,2741.3508937777888
649,ABC,20171127,2508.0572278869595
650,ABC,20171128,2141.0403071931532
651,ABC,20171129,1920.6066405908716
652,ABC,20171130,1301.468620794451
653,ABC,20171201,807.7188576553591
654,ABC,20171204,1786.068333967528
655,ABC,20171205,1880.349665919183
656,ABC,20171206,1586.9241038971768
657,ABC,20171207,1589.1797093978582
658,ABC,20171208,940.447392335643
659,ABC,20171211,1326.5682197404608
660,ABC,20171212,1533.7849561682303
661,ABC,20171213,2956.945170917651
662,ABC,20171214,3023.5613246946455
663,ABC,20171215,1461.671079524463
664,ABC,20171218,1811.652980404614
665,ABC,20171219,1706.9353562030306
666,ABC,20171220,1463.830310981451
667,ABC,20171221,1089.592781382489
668,ABC,20171222,7101.7509332100835
669,ABC,20171226,1433.898600200463
670,ABC,20171227,1983.9743930099428
671,ABC,20171228,1761.6030258354303
672,ABMD,20170720,14438.231713738709
673,ABMD,20170721,5064.55531324667
674,ABMD,20170724,14633.113529094862
675,ABMD,20170725,4362.933403893874
676,ABMD,20170726,4827.503306346787
677,ABMD,20170727,2466.8300213904063
678,ABMD,20170728,1974.0909592960702
679,ABMD,20170731,1305.347157496205
680,ABMD,20170801,1599.9048828539567
681,ABMD,20170802,4926.633484689268
682,ABMD,20170803,4330.449446309235
683,ABMD,20170804,4761.278282659106
684,ABMD,20170807,6734.685895943271
685,ABMD,20170808,4026.3169445208887
686,ABMD,20170809,1484.1234062811222
687,ABMD,20170810,3504.382167723633
688,ABMD,20170811,2708.0482382436962
689,ABMD,20170814,3469.6807927119244
690,ABMD,20170815,5173.715345747779
691,ABMD,20170816,21270.702458217816
692,ABMD,20170817,1792.473413966523
693,ABMD,20170818,3604.709103477498
694,ABMD,20170821,1402.262850886211
695,ABMD,20170822,22309.918829536065
696,ABMD,20170823,16664.02060569337
697,ABMD,20170824,5588.743145082511
698,ABMD,20170825,1531.1526078198326
699,ABMD,20170828,9162.398485538095
700,ABMD,20170829,4136.7648558770925
701,ABMD,20170830,2575.6377853776935
702,ABMD,20170831,2504.2158973777155
703,ABMD,20170901,9764.041468480147
704,ABMD,20170905,1935.0152736206762
705,ABMD,20170906,3153.7221965459853
706,ABMD,20170907,4460.13473017711
707,ABMD,20170908,5342.449188749345
708,ABMD,20170911,12749.02540107641
709,ABMD,20170912,32503.948612651315
710,ABMD,20170913,3332.157355557006
711,ABMD,20170914,2827.371013116162
712,ABMD,20170915,40443.32757131251
713,ABMD,20170918,6145.116239971003
714,ABMD,20170919,8980.341980852405
715,ABMD,20170920,12214.983410947318
716,ABMD,20170921,5545.29395443673
717,ABMD,20170922,9656.223262335003
718,ABMD,20170925,6342.794018259577
719,ABMD,20170926,2137.8636082598805
720,ABMD,20170927,4724.004117990896
721,ABMD,20170928,3484.094064499836
722,ABMD,20170929,5365.218474528232
723,ABMD,20171002,1271.332020138197
724,ABMD,20171003,4639.6196815653075
725,ABMD,20171004,2656.1952943008273
726,ABMD,20171005,2134.7786090080417
727,ABMD,20171006,2080.067288832615
728,ABMD,20171009,5898.547449750036
729,ABMD,20171010,1613.681929022194
730,ABMD,20171011,27640.785038431273
731,ABMD,20171012,2838.032461551015
732,ABMD,20171013,14082.356879148487
733,ABMD,20171016,3516.428523459601
734,ABMD,20171017,8999.357789778684
735,ABMD,20171018,22621.934576294563
736,ABMD,20171019,8473.694764707734
737,ABMD,20171020,5593.951327153903
738,ABMD,20171023,3586.4929755743874
739,ABMD,20171024,6870.341356664673
740,ABMD,20171025,2433.5125374462514
741,ABMD,20171026,2008.8489757970399
742,ABMD,20171027,7183.959458222359
743,ABMD,20171030,5092.536147752495
744,ABMD,20171031,686.0477328755424
745,ABMD,20171101,4636.075030554488
746,ABMD,20171102,2217.1153466571755
747,ABMD,20171103,16082.140643727911
748,ABMD,20171106,5379.815763132221
749,ABMD,20171107,3439.464472136749
750,ABMD,20171108,3365.2899594006617
751,ABMD,20171109,6538.3081178338125
752,ABMD,20171110,5174.73064305036
753,ABMD,20171113,11152.339566587347
754,ABMD,20171114,5399.086386234058
755,ABMD,20171115,2078.4443232538297
756,ABMD,20171116,4338.2674162407875
757,ABMD,20171117,2410.955399749344
758,ABMD,20171120,1981.074757189445
759,ABMD,20171121,5359.019450576249
760,ABMD,20171122,3695.7765607326482
761,ABMD,20171127,10767.693947052832
762,ABMD,20171128,1758.1681611576316
763,ABMD,20171129,1728.6093501869561
764,ABMD,20171130,1705.2025629029993
765,ABMD,20171201,7883.855902617348
766,ABMD,20171204,8637.534697480285
767,ABMD,20171205,3653.063380799307
768,ABMD,20171206,2438.6476105664424
769,ABMD,20171207,2324.090541852817
770,ABMD,20171208,42639.182842987124
771,ABMD,20171211,4846.012716560186
772,ABMD,20171212,3115.302942520048
773,ABMD,20171213,3726.0085081202315
774,ABMD,20171214,24104.42010594557
775,ABMD,20171215,4367.662966455229
776,ABMD,20171218,3082.4308607907387
777,ABMD,20171219,4337.331436029332
778,ABMD,20171220,2137.9157166930427
779,ABMD,20171221,6386.537003181317
780,ABMD,20171222,1641.7133278399774
781,ABMD,20171226,229634.45216949357
782,ABMD,20171227,4896.113359420433
783,ABMD,20171228,3807.686814582647
784,ABT,20170720,1083.995011173297
785,ABT,20170721,1186.9553517060747
786,ABT,20170724,1120.369834826615
787,ABT,20170725,1993.7452404684916
788,ABT,20170726,3380.0831279237627
789,ABT,20170727,1884.9107483582013
790,ABT,20170728,4296.815955465402
791,ABT,20170731,1521.009165471256
792,ABT,20170801,3602.3150282997394
793,ABT,20170802,3658.2508303770474
794,ABT,20170803,1801.4552958736394
795,ABT,20170804,2067.505623365869
796,ABT,20170807,2886.508164150042
797,ABT,20170808,3167.445577866344
798,ABT,20170809,1557.7650643613194
799,ABT,20170810,1790.533172129587
800,ABT,20170811,6307.158815888665
801,ABT,20170814,6606.639071075839
802,ABT,20170815,3866.453420632671
803,ABT,20170816,3402.905174581538
804,ABT,20170817,1290.673781849921
805,ABT,20170818,1269.7973216397838
806,ABT,20170821,4638.366295813884
807,ABT,20170822,2521.6834119034293
808,ABT,20170823,2786.592563181805
809,ABT,20170824,1940.6347958427796
810,ABT,20170825,4530.661187353016
811,ABT,20170828,1890.0998866708055
812,ABT,20170829,1743.4226646146687
813,ABT,20170830,2248.4334540008463
814,ABT,20170831,2267.111241040504
815,ABT,20170901,1978.4933036366056
816,ABT,20170905,1200.3551935756275
817,ABT,20170906,12015.452023254627
818,ABT,20170907,2264.269016680958
819,ABT,20170908,3831.520194307031
820,ABT,20170911,2201.594358414826
821,ABT,20170912,2386.914290759599
822,ABT,20170913,5322.360037332284
823,ABT,20170914,3575.650806747047
824,ABT,20170915,1763.1418246539674
825,ABT,20170918,8946.817099788179
826,ABT,20170919,1607.2595505264856
827,ABT,20170920,2480.982882204044
828,ABT,20170921,3263.239292473137
829,ABT,20170922,2561.786757905007
830,ABT,20170925,943.5736818621974
831,ABT,20170926,1409.5215822173545
832,ABT,20170927,3750.724312765861
833,ABT,20170928,1869.9677549504902
834,ABT,20170929,2297.355837518002
835,ABT,20171002,2219.558530928403
836,ABT,20171003,1443.9512031006298
837,ABT,20171004,2198.0226559248154
838,ABT,20171005,2471.0313465723716
839,ABT,20171006,3870.2480112012954
840,ABT,20171009,2318.2821298043864
841,ABT,20171010,4483.705215046357
842,ABT,20171011,3578.187025995841
843,ABT,20171012,2574.231727884316
844,ABT,20171013,4160.572431712394
845,ABT,20171016,5491.169225516888
846,ABT,20171017,3509.9853707575903
847,ABT,20171018,1710.382582234751
848,ABT,20171019,1185.1370914685747
849,ABT,20171020,1592.192889762748
850,ABT,20171023,1314.9287586885027
851,ABT,20171024,4061.3957231513614
852,ABT,20171025,3728.5430675122284
853,ABT,20171026,1451.1934806400725
854,ABT,20171027,1523.611248113658
855,ABT,20171030,1801.7193047675496
856,ABT,20171031,1536.2611452216224
857,ABT,20171101,3332.8025343926543
858,ABT,20171102,2590.628048576531
859,ABT,20171103,1826.9529597242458
860,ABT,20171106,2862.986386506367
861,ABT,20171107,5065.2246053411845
862,ABT,20171108,3927.2316867758636
863,ABT,20171109,2184.7836658059614
864,ABT,20171110,4232.326644236528
865,ABT,20171113,1895.242096211801
866,ABT,20171114,2569.3206240689933
867,ABT,20171115,6412.508392514561
868,ABT,20171116,2936.2640395545427
869,ABT,20171117,4859.029197434525
870,ABT,20171120,2194.2419100708507
871,ABT,20171121,1089.958722091598
872,ABT,20171122,981.9534018363033
873,ABT,20171127,1443.3689664833853
874,ABT,20171128,3296.8327975425195
875,ABT,20171129,1559.898223498963
876,ABT,20171130,2840.724666509804
877,ABT,20171201,855.2529620425308
878,ABT,20171204,627.855715206468
879,ABT,20171205,1239.52643296824
880,ABT,20171206,944.2044597992464
881,ABT,20171207,2456.499406996984
882,ABT,20171208,1747.2958594428167
883,ABT,20171211,1684.9447314415627
884,ABT,20171212,777.4512797590129
885,ABT,20171213,3505.5799892214336
886,ABT,20171214,955.5160345788388
887,ABT,20171215,2880.6758729471744
888,ABT,20171218,5758.615592528352
889,ABT,20171219,2194.566007573478
890,ABT,20171220,11527.469514617975
891,ABT,20171221,2430.785904866039
892,ABT,20171222,850.7571656223834
893,ABT,20171226,4212.177441973199
894,ABT,20171227,3881.722039990884
895,ABT,20171228,1861.7948532463024
896,ACN,20170720,1347.2332657302563
897,ACN,20170721,1176.0304333481918
898,ACN,20170724,1672.675388302752
899,ACN,20170725,1149.6644877339502
900,ACN,20170726,2025.8334633686181
901,ACN,20170727,2021.1282335443768
902,ACN,20170728,1131.5228617038995
903,ACN,20170731,2759.811869127642
904,ACN,20170801,1658.6375438571083
905,ACN,20170802,2322.4820567627844
906,ACN,20170803,3952.578735557974
907,ACN,20170804,1361.776360867127
908,ACN,20170807,869.7752071782519
909,ACN,20170808,2372.249806303856
910,ACN,20170809,1709.3353235695458
911,ACN,20170810,2407.176061191535
912,ACN,20170811,5022.36637520797
913,ACN,20170814,4730.630259729295
914,ACN,20170815,3844.5806303643944
915,ACN,20170816,2385.1884620020164
916,ACN,20170817,1454.9634635191494
917,ACN,20170818,2929.2185065495646
918,ACN,20170821,2611.7639436293953
919,ACN,20170822,807.7350707400432
920,ACN,20170823,2010.000348083385
921,ACN,20170824,1295.7460977925
922,ACN,20170825,6082.914964947878
923,ACN,20170828,882.335402383151
924,ACN,20170829,5093.583650967693
925,ACN,20170830,1400.6462882160208
926,ACN,20170831,2822.435299004923
927,ACN,20170901,1850.656596747795
928,ACN,20170905,1331.7514734365782
929,ACN,20170906,1389.8981220784362
930,ACN,20170907,848.6325132011594
931,ACN,20170908,1602.4048723273859
932,ACN,20170911,2214.187096671784
933,ACN,20170912,2518.221228956561
934,ACN,20170913,4107.5885475883315
935,ACN,20170914,1237.736013539467
936,ACN,20170915,2075.1815149794675
937,ACN,20170918,1599.6619674569629
938,ACN,20170919,1167.7005470655101
939,ACN,20170920,1290.3704077554585
940,ACN,20170921,1018.326984205564
941,ACN,20170922,1057.2336254651807
942,ACN,20170925,2196.672574673319
943,ACN,20170926,1706.4525163128337
944,ACN,20170927,2307.5605702833514
945,ACN,20170928,2841.136060748847
946,ACN,20170929,657.2521586384354
947,ACN,20171002,2235.808260144133
948,ACN,20171003,1687.7207806529148
949,ACN,20171004,893.2237856418044
950,ACN,20171005,889.14771606796
951,ACN,20171006,1885.5456642196573
952,ACN,20171009,1412.173069611336
953,ACN,20171010,521.9713015395682
954,ACN,20171011,790.4659359547319
955,ACN,20171012,1410.3609878883753
956,ACN,20171013,594.6152552733487
957,ACN,20171016,1132.3055745336517
958,ACN,20171017,1458.2762041550536
959,ACN,20171018,1767.9861399930037
960,ACN,20171019,2797.283633513955
961,ACN,20171020,1625.9844230540539
962,ACN,20171023,1782.2168193731102
963,ACN,20171024,1480.7191237044333
964,ACN,20171025,1297.6707302449186
965,ACN,20171026,1053.5894174251293
966,ACN,20171027,1149.9029289173334
967,ACN,20171030,734.6726037017104
968,ACN,20171031,838.6311048203563
969,ACN,20171101,3400.4349879200404
970,ACN,20171102,1108.9370889877732
971,ACN,20171103,1343.1296123118773
972,ACN,20171106,1012.5103005989482
973,ACN,20171107,1901.4805514133607
974,ACN,20171108,1556.9208396515508
975,ACN,20171109,1698.2573024025623
976,ACN,20171110,3885.15871029778
977,ACN,20171113,1248.6263947751142
978,ACN,20171114,1176.5263581108297
979,ACN,20171115,841.3996515223657
980,ACN,20171116,734.4808072141493
981,ACN,20171117,1692.3319957424187
982,ACN,20171120,1773.790673374534
983,ACN,20171121,946.9306067476165
984,ACN,20171122,1080.1792741413583
985,ACN,20171127,1711.8768011210668
986,ACN,20171128,9022.683054302212
987,ACN,20171129,2245.7789347741705
988,ACN,20171130,910.0288033770777
989,ACN,20171201,2475.9544333704675
990,ACN,20171204,1210.8503196467327
991,ACN,20171205,1645.8190692168473
992,ACN,20171206,801.3623710280806
993,ACN,20171207,1126.9259452092522
994,ACN,20171208,730.3884430422183
995,ACN,20171211,869.625825662432
996,ACN,20171212,1160.3207184170283
997,ACN,20171213,869.633275718261
998,ACN,20171214,981.5747082560775
999,ACN,20171215,905.2938987017865
1000,ACN,20171218,1498.3124063410933
1001,ACN,20171219,2323.393743603022
1002,ACN,20171220,836.8646991508353
1003,ACN,20171221,3386.642241960095
1004,ACN,20171222,1464.846123296214
1005,ACN,20171226,1470.0050090566356
1006,ACN,20171227,837.6338876308128
1007,ACN,20171228,1943.6524062329624
1008,ADBE,20170720,1863.9715775590448
1009,ADBE,20170721,715.5955215304898
1010,ADBE,20170724,2647.332501492836
1011,ADBE,20170725,1746.0855916428259
1012,ADBE,20170726,1961.7250324985546
1013,ADBE,20170727,2818.87131779388
1014,ADBE,20170728,1285.4216091625644
1015,ADBE,20170731,1682.4478439124975
1016,ADBE,20170801,1351.4027731928657
1017,ADBE,20170802,2155.68975755876
1018,ADBE,20170803,1865.1963271682712
1019,ADBE,20170804,892.7396294149255
1020,ADBE,20170807,1557.8785411040228
1021,ADBE,20170808,2352.997356734682
1022,ADBE,20170809,1843.0374858032642
1023,ADBE,20170810,1698.365720049305
1024,ADBE,20170811,1769.9650988010317
1025,ADBE,20170814,1834.4760070306017
1026,ADBE,20170815,1010.5672430844074
1027,ADBE,20170816,824.8616084411284
1028,ADBE,20170817,1123.4116806977777
1029,ADBE,20170818,548.1864633980108
1030,ADBE,20170821,676.8554798868647
1031,ADBE,20170822,527.3423184723418
1032,ADBE,20170823,1434.4184231941313
1033,ADBE,20170824,1350.111895038934
1034,ADBE,20170825,1351.0954204217428
1035,ADBE,20170828,1213.3327597362645
1036,ADBE,20170829,1409.6094078424253
1037,ADBE,20170830,3620.6595383965923
1038,ADBE,20170831,942.294825572692
1039,ADBE,20170901,1277.5663870202056
1040,ADBE,20170905,875.4550432203276
1041,ADBE,20170906,1455.1839982746974
1042,ADBE,20170907,1091.3685508357398
1043,ADBE,20170908,1813.8353481479958
1044,ADBE,20170911,554.5087002907337
1045,ADBE,20170912,1046.071472355633
1046,ADBE,20170913,1142.4214086573772
1047,ADBE,20170914,1131.9001208902228
1048,ADBE,20170915,2167.609213485092
1049,ADBE,20170918,1431.9063323617036
1050,ADBE,20170919,3356.7250454999685
1051,ADBE,20170920,10096.84032970078
1052,ADBE,20170921,2141.588798040316
1053,ADBE,20170922,1024.8077994005714
1054,ADBE,20170925,3534.1792893457123
1055,ADBE,20170926,1066.5067797628833
1056,ADBE,20170927,1591.0326328119795
1057,ADBE,20170928,1606.201782462408
1058,ADBE,20170929,3681.277745173477
1059,ADBE,20171002,976.3958787389039
1060,ADBE,20171003,1383.2949592095003
1061,ADBE,20171004,1930.490616194513
1062,ADBE,20171005,4637.635793714423
1063,ADBE,20171006,1375.8071787119713
1064,ADBE,20171009,1302.3296944034928
1065,ADBE,20171010,1093.6903513154093
1066,ADBE,20171011,2276.0066886569944
1067,ADBE,20171012,1064.3696835671692
1068,ADBE,20171013,998.4747893968653
1069,ADBE,20171016,1289.4952544661185
1070,ADBE,20171017,873.3570625515493
1071,ADBE,20171018,3836.635843897112
1072,ADBE,20171019,8652.359227826752
1073,ADBE,20171020,1725.4321420049746
1074,ADBE,20171023,1704.7780340574934
1075,ADBE,20171024,1117.8680909582413
1076,ADBE,20171025,2106.8424573112143
1077,ADBE,20171026,4094.7751807545264
1078,ADBE,20171027,1732.4963258436858
1079,ADBE,20171030,1685.0970148858755
1080,ADBE,20171031,2672.4634791488456
1081,ADBE,20171101,1090.397038987079
1082,ADBE,20171102,1663.5162465744522
1083,ADBE,20171103,721.1982620338047
1084,ADBE,20171106,1123.276392351497
1085,ADBE,20171107,1927.0339007004088
1086,ADBE,20171108,2683.536032123513
1087,ADBE,20171109,982.4932955610074
1088,ADBE,20171110,1347.1384574902686
1089,ADBE,20171113,1369.2992267901145
1090,ADBE,20171114,827.9424264075785
1091,ADBE,20171115,865.4849058878501
1092,ADBE,20171116,1435.7000037093267
1093,ADBE,20171117,966.2421158968131
1094,ADBE,20171120,1236.1533034679023
1095,ADBE,20171121,2132.203339099395
1096,ADBE,20171122,839.8235897778426
1097,ADBE,20171127,1439.657426813513
1098,ADBE,20171128,1285.3277636037637
1099,ADBE,20171129,3462.2521045750177
1100,ADBE,20171130,1282.8378636304938
1101,ADBE,20171201,1068.2722005199357
1102,ADBE,20171204,4007.938628002749
1103,ADBE,20171205,1108.0244822449408
1104,ADBE,20171206,1498.9442919580029
1105,ADBE,20171207,960.1036517352256
1106,ADBE,20171208,1261.7035427602236
1107,ADBE,20171211,730.8229278315778
1108,ADBE,20171212,1132.9561923088936
1109,ADBE,20171213,863.2702354579668
1110,ADBE,20171214,2329.9016579684253
1111,ADBE,20171215,2244.277321143389
1112,ADBE,20171218,1039.0105140721873
1113,ADBE,20171219,798.4488459594602
1114,ADBE,20171220,1494.0644445923815
1115,ADBE,20171221,1804.296145317442
1116,ADBE,20171222,1874.8948047397034
1117,ADBE,20171226,1285.4078380088026
1118,ADBE,20171227,2097.814926422569
1119,ADBE,20171228,3334.4458286907466
